iteration,time_per_iteration,total_elapsed_time,average_regret,max_regret,unique_scenarios_visited,scenario_coverage_0_10,scenario_coverage_11_25,scenario_coverage_26_50,scenario_coverage_51_100,scenario_coverage_100_plus
0,0.22111725807189941,0.22111725807189941,0.025,0.1,1,1,0,0,0,0
100,21.739943027496338,21.961060285568237,0.6599278563276675,14.4,42,42,0,0,0,0
200,22.393590211868286,44.35465049743652,0.8266111150568545,23.637500000000003,49,49,0,0,0,0
300,22.770583152770996,67.12523365020752,1.2091839852328985,36.00000000000001,50,48,2,0,0,0
400,22.830151557922363,89.95538520812988,1.7367725205929072,45.26250000000001,50,40,10,0,0,0
499,22.890312910079956,112.84569811820984,2.127514822196832,45.26250000000001,50,25,25,0,0,0
