iteration,time_per_iteration,total_elapsed_time,average_regret,max_regret,unique_scenarios_visited,scenario_coverage_0_10,scenario_coverage_11_25,scenario_coverage_26_50,scenario_coverage_51_100,scenario_coverage_100_plus,total_possible_scenarios,scenario_coverage_percentage
5,1.1131811141967773,1.1131811141967773,0.271875,2.25,5,5,0,0,0,0,220,2.27
10,1.0633001327514648,2.176481246948242,0.5578125,3.2750000000000004,5,5,0,0,0,0,220,2.27
15,1.098374605178833,3.274855852127075,0.736095399698341,5.450000000000001,5,5,0,0,0,0,220,2.27
14,0.0001423358917236328,3.274998188018799,0.736095399698341,5.450000000000001,5,5,0,0,0,0,220,2.27
